"user_id","surver_result_id","created_at"
"be4a4637-6c27-4ae0-a4b0-d160be386a13","e367d84b-b02c-4ae6-85b1-aee56ae404fb","2023-05-01 20:27:32.468"
"610a79cc-dcf9-4545-915a-2428efcdbf53","96eaf3b2-f910-4acc-9451-b3d89774e47e","2023-05-02 09:35:38.289"
"ba3e33a2-ee29-4478-8f60-c8402a424f78","9a0aed8e-b8c5-405b-ae18-75a3bbc41a3d","2023-05-02 11:44:03.162"
"e7e81488-7046-4e6b-8385-47455c3ce843","9c64dba0-8422-4f03-a2ef-c965b9df1ec1","2023-05-02 12:54:14.763"
"33e6a7a6-41a1-4ddf-b56c-96b1cbefdb1f","c9a0204b-a842-4611-b7e3-309f235a50a9","2023-05-02 12:54:35.587"
"27dfc92d-7d9d-4242-bd8c-30509188db5a","6103f82a-3da6-486a-a175-65bba2bb33a0","2023-05-02 12:54:54.8"
"50f8f8c4-b174-41c2-a874-b13b7d300376","df4c86cb-eb89-46dd-9718-3d964182b08d","2023-05-02 12:54:54.977"
"dff66773-fed0-4645-964d-e8ce0ad15109","521f9ac7-32a5-4ef0-8378-f73b5c800152","2023-05-02 12:55:17.37"
"7eebb153-b12f-4825-94fe-ebb353f72132","a2d2a665-f316-4e3b-95fa-ec9fd8b4beb3","2023-05-02 12:55:40.614"
"1008fa8b-c13e-46b2-a498-734fa1656541","f9673d14-4974-4aeb-81be-eda005404649","2023-05-02 12:55:53.879"
"dcca4674-e658-4dd4-a45a-4785d23ff324","49fc3bc2-ce5d-4966-a5f2-9181944a7f6a","2023-05-02 12:55:54.179"
"f66764b4-8d90-4fb8-b0cd-8f525808e1d6","f7df3092-16d7-49ee-a4bf-ebef3ba7a15b","2023-05-02 12:56:00.782"
"6c596a80-a6a8-4310-88a6-a5538ffa7683","492f9607-903e-422a-9ca2-d6620f352554","2023-05-02 12:57:03.549"
"d87bdee0-d0a7-4d23-8901-72bd37824855","b208ff8a-4b6f-4bac-b8d6-5263eb9b91c5","2023-05-02 12:57:28.717"
"b50dfe22-18af-430a-bb91-4661c0b43522","dbd5d555-a849-43f5-8fb1-ab742fe85a4a","2023-05-02 12:57:28.771"
"ac7cca6c-04fb-48f3-929d-7340b8db15cf","bf448198-1d61-435a-a408-6d36a28c4318","2023-05-02 12:58:08.367"
"dc9701e6-4607-4302-9082-c7205aa00c67","a3608ecf-6bd9-473f-8515-d65e8cc268d4","2023-05-02 12:59:54.973"
"bccce9e0-01fe-42ad-a299-448d67cd9c30","c9de3152-6b7e-4465-b6e2-d1772b57bd91","2023-05-02 13:01:53.504"
"782ebfe0-7007-4c42-9474-678b3652ecc2","4915c9bc-c5b7-4003-95d2-a885b7b41fad","2023-05-02 13:02:13.58"
"5f3d6323-1c2b-47e1-a65e-86a4424a06cf","d84d3a21-4b1e-4e60-9dfc-59a61ce3ff60","2023-05-02 16:56:41.1"
"1f8f03fb-1662-4aa4-b2d0-97c0b85140cc","37f32498-6668-4fee-946e-b1227f1697ba","2023-05-03 07:53:32.697"
"52e4e683-8ff8-4218-b86f-f74c02486f7c","527acdcb-9b54-45d5-ade3-ff38576a411c","2023-05-03 21:46:39.095"
"ca6c4ecb-15dd-4462-8bda-e17d6652f5ef","8e5914b1-804d-48e4-b98b-2207d3541a6d","2023-05-04 14:55:09.921"
"2c29edbe-f563-4e9a-9a15-0918dd5c7978","94d81e2b-fff6-4a75-a06f-14fb3b2937af","2023-05-05 07:19:25.912"
"c380dee7-b4a7-4fab-9415-595c1bc76df9","717d12aa-89a9-4d26-9533-2229672f4d7a","2023-05-05 09:53:00.314"
"677aa03d-8a54-4903-9770-8afd4d9d7cc7","b9a24385-8ee7-4de4-b5ae-a19255c4a25d","2023-05-05 11:29:34.297"
"677aa03d-8a54-4903-9770-8afd4d9d7cc7","e52e8ed8-9f8b-42be-b81c-3e37a07648ff","2023-05-05 11:43:00.497"
"6339f8bb-2362-4555-ac03-4bf0f4b8bdae","31b795f2-5026-49b3-bd68-0a2037ce98c4","2023-05-05 15:48:15.794"
"1882e49a-2057-4f73-ab81-85ddbabf606c","51341264-ae7e-4294-bf3c-ca5ed9e3a7d5","2023-05-05 18:29:11.818"
"2c697330-ebc1-4b69-a7db-0ce9f4b7729e","cd754274-b9a0-48fb-a5d9-f157743acbea","2023-05-05 20:01:08.975"
"6ded7567-308b-4894-aead-b00e02571bc4","f0ee8795-9086-4bd9-9679-1e3617beccf8","2023-05-05 20:39:44.996"
"02c303f2-5d9c-4d8a-ac32-e9acd622dcf9","725350e8-d6de-42b4-87eb-8000dff12238","2023-05-06 07:58:05.081"
"8a5b8fb7-0148-4927-af1d-01a2f910692c","26410e15-54a8-4702-aeaf-555e4aea3ebf","2023-05-06 10:35:41.196"
"96cbf73a-23e3-4ee7-8acc-d1756d5ed746","b775b831-d015-4561-ac93-dd8d720a5649","2023-05-08 16:18:23.776"
"d980d021-c352-4f68-8f1e-741fc1a516ce","584d35aa-460c-4659-a763-fab95e1c3999","2023-05-08 23:09:49.565"
"05a2bdd8-d148-4327-8a71-97c4795e2c35","360f2cd4-8dcd-4f4e-a246-68d61f18b01a","2023-05-09 07:45:42.304"
"330bd323-ec70-4b89-8f5f-4f1a86d4e297","51d0da01-50cf-4455-8041-8acc89240e78","2023-05-09 08:33:48.126"
"d1f156c0-dd8e-40ad-b3f7-7d5e86053f59","ee4515f7-ccf4-43e3-a40f-da6d676cd9b2","2023-05-09 10:22:52.069"
"3a2b63c2-7bfe-413f-9d3f-0f57eab0531e","fbbfc9cf-bdd1-4b6c-939d-547e52a36c22","2023-05-09 12:25:52.973"
"09da5a66-15fa-453a-9fa3-62d782c8dec3","84f7d859-ab21-41c0-9f19-8ecc876c6fb7","2023-05-09 12:32:47.11"
"17f0a7d8-eed8-48aa-a128-731e35bb42f1","66c85082-3cca-49f4-9a94-6d3b3f042c2b","2023-05-09 13:26:11.111"
"5a80888c-e93b-4e6c-ab02-3a3d56744fe0","9fbfe831-571f-48bd-b193-b5d979819572","2023-05-09 16:28:17.508"
"933c79bd-93c9-4fd0-9da1-27a3cb3d68b5","ee1ffb5e-0fa0-4f75-96c1-5c6cd8a24bee","2023-05-10 08:02:28.903"
"44591b48-da1b-47de-b780-92974c8751df","07e25c0c-f787-4b83-84ab-e6768ff0e829","2023-05-10 16:51:52.343"
"0e040d68-f0a7-452a-9557-72f20dac7f0d","636e4130-1eaa-41ba-83f6-551691e977f9","2023-05-10 16:59:36.161"
"7bef635e-2d56-414c-af47-3386ad90a214","4e430fca-f1e9-4016-ac11-8674279fcbeb","2023-05-10 19:50:24.921"
"6094bfdb-6b60-473f-b985-9cd0248bc3a9","3256a2b4-c9a0-4620-8539-0e63910552b0","2023-05-11 08:11:18.605"
"0f1bfa19-0a2d-42a7-92f3-a20c3f1d6a38","2080bd64-740b-4111-9971-6746f7a08446","2023-05-11 09:02:31.767"
"acdbfcfa-097e-45b6-a0f2-a53adf4ba121","0d124af2-0088-4281-9622-43133af1f437","2023-05-11 09:04:07.771"
"f202e316-530c-45ff-85f9-48b58b7cb87e","b8bbac50-e9c5-44a9-ac5e-b6908a45f227","2023-05-11 09:04:38.301"
"b4618f05-1391-4186-bfb2-0e9a3d5ad17e","f44e45ac-cec2-46b6-88bb-09e1db29f57c","2023-05-11 09:04:56.711"
"aaa5e219-adad-403f-baae-9c3f2b464ff5","0bd88618-a7f0-44c5-be2f-4315ec451f09","2023-05-11 09:04:57.143"
"0a0e9f48-0f24-41f7-af1b-a02822256000","f8344b8c-add8-48ec-8cc1-7ccd9aad721f","2023-05-11 09:05:24.068"
"da841cef-2508-430a-963c-8e2e40cbe244","21136eee-bca0-4c3e-8be7-441acc4cc48e","2023-05-11 09:05:43.931"
"62bd3508-8062-4f0e-8dcd-243f86bf68bc","232653fc-f1b5-4a8c-9a80-5d2190314466","2023-05-11 09:06:50.203"
"f27b0145-3387-4543-8cdb-8af711d83fe7","6aa0d132-a936-4845-8cf4-06ecf8c30827","2023-05-11 09:07:15.244"
"4118b02f-72e5-4765-867c-bbd0401ee2da","869ed277-3ff9-4fad-9ad5-7168b4eb819d","2023-05-11 09:07:43.939"
"603c8d65-a4d4-4340-b53f-082132fe7742","bfb97b4d-29a6-4a5f-b397-ed091f7f72b5","2023-05-11 09:08:50.462"
"b6f1d4c7-15ea-498f-8ce8-247d664ef958","f956c5a2-9b02-4321-917b-da7621fe53d2","2023-05-11 09:09:23.201"
"2324bb96-175e-4a95-9a3a-527376664bcb","563a54f5-f932-449f-8099-0cc037dabac9","2023-05-11 09:10:17.76"
"5d435540-7b12-40b5-83a3-db3d5ca46869","e40a37bf-775d-4c18-8ff7-13cf386eb43a","2023-05-11 09:10:22.703"
"3bfd59b3-c989-4b1c-9af7-362aa8eff92a","02c3c282-6792-449c-ac9b-c359fb00cc28","2023-05-11 09:11:23.546"
"abd2811b-a505-4d3b-8b4f-1fcb9e5de2ea","a390e03d-5cc5-4d36-a593-01a4ccfb7ef3","2023-05-11 09:14:17.656"
"bf787cdd-bd63-469a-b703-a5d60943d836","2a23c5c3-9996-4669-98ba-9af7715b92a3","2023-05-11 09:20:24.792"
"737708ee-85f3-48e2-aafe-38ee2a2a61af","79274419-a772-42a8-b6f4-336717f0ad3e","2023-05-11 21:42:35.709"
"59e9465a-f802-482f-9c44-8235e5254177","403ee274-30f2-4c06-94c8-9c1ed3e5cda6","2023-05-12 07:38:46.096"
"0b561306-c645-4846-8ae0-5c274a439a7e","27680523-5270-4238-ac76-2de26d11576a","2023-05-12 13:46:11.6"
"0b1a7e25-3171-47fd-b82c-4743f7a31680","8b19c014-1b4e-426a-9f26-56d8dc57bf20","2023-05-12 14:10:03.527"
"a9582c34-32a2-469a-8b39-c8aa14c41d9e","857419b9-484c-426a-aac4-db1f7d88bf89","2023-05-12 15:02:39.103"
"b448340a-b3df-480a-ac32-450fe2232967","144e7c8f-7079-49f1-b1c1-a3d16d39800f","2023-05-13 18:19:08.124"
"1b94714e-ac76-4ca4-831e-a0bec6a31b9c","61100bec-1621-4e64-94ec-e306c471bc4b","2023-05-14 13:15:28.708"
"d4c3e581-5020-438f-a568-3679f35701bb","0b8245bd-d848-4afb-934e-2260ad4099f7","2023-05-14 18:41:57.471"
"914716de-97ef-427c-8aab-b2788d70cfac","24668cea-aff8-4943-8967-45963be6fd13","2023-05-15 08:29:56.716"
"1e5e51ac-ac63-4495-8b3d-cf606677731e","34f42c8b-a46d-4206-b737-88e5ff46ea1a","2023-05-15 08:49:48.391"
"03a59e22-a248-435d-9e37-bfe3fe44464c","c34a2f06-7321-42e7-a662-794ff60934ad","2023-05-15 11:13:48.235"
"6c2d285c-2436-4c17-987d-3bb0b5d261cd","8c086603-fbf2-4798-b875-215129e8c30a","2023-05-15 14:05:20.291"
"39f0ff9a-7623-4c1f-a10a-32bfbfed4b99","dc106d5e-b5d8-437d-ae05-fa916d6a61e5","2023-05-15 15:56:53.58"
"afca817c-a3c3-442b-a312-6f1ae02bf6e4","bb1438cd-553f-44b4-b8c5-83b0d97c9f1e","2023-05-16 10:27:21.805"
"e39f5b8b-6105-4eab-a309-469135884566","65323402-1a2b-459d-812c-e308a5eb7a1d","2023-05-16 12:48:36.882"
"ff612c2c-3ab8-4769-9fda-5239442caf2d","f191ff33-b7dd-4d64-ad19-3cba807a3a7a","2023-05-16 13:48:55.381"
"ab21995f-ff43-4111-a922-33d61b788667","72728b1e-f0f1-419a-955b-838a71dddf7d","2023-05-17 07:48:39.397"
"f72fd687-1794-4510-b394-cdc5d71e7d4d","194cb62c-f60d-4cd0-980b-4edd135b0df3","2023-05-17 15:16:44.924"
"40903865-5dee-46ea-874c-12c64920aaeb","d2185cce-acd4-463c-b1cd-eebeb64e9b18","2023-05-17 15:25:03.611"
"8444f397-19ff-4d82-a21a-2d1fa707ecc7","ec5a9765-05cb-4fd0-a34b-43fab38b9482","2023-05-18 08:21:15.714"
"e8a99407-489a-411e-b565-d8484e804918","535f9125-d45b-41d6-a99a-8a45b5638e10","2023-05-18 12:18:36.953"
"598082f4-c195-4c0f-bab3-0110cb35f12a","47b07441-1708-4da3-84a2-bf80da463a9e","2023-05-18 15:09:55.059"
"ca8b6338-a630-4c5b-87ec-915ad1c3f985","17cc0c0b-e4ff-4bda-9c61-5dae7121a62a","2023-05-18 20:16:19.48"
"a870222c-0258-4394-8134-5f219a9370bb","dde01066-18f3-49ba-ad1c-ec0f5ee74d43","2023-05-18 20:54:30.797"
"76f15241-0adc-4c4e-a411-8503e55b4d67","aa39e6dd-4c36-4be8-9da7-a680b56356f6","2023-05-19 07:37:10.861"
"68faed2e-b304-4015-a32b-05ea3e79f123","ed5812cb-8a14-4ec1-95ed-95b5cb4ecac6","2023-05-19 07:41:37.294"
"f8b99217-eab7-4f90-be1f-a1528b9c1ffc","f4aefd5c-7fe4-44a0-859e-fad9c2118c5f","2023-05-19 08:04:27.704"
"80e6eb91-7ec3-4fe0-b970-1a808c9c0690","33d066f8-0099-42ef-a3f2-48497b870cf8","2023-05-19 08:56:30.08"
"37c39bf8-9e32-4108-9cc6-399ece45e624","0ac2fa5a-4808-40dc-b9dd-0f68c0eb00aa","2023-05-19 09:01:24.504"
"a57067ef-b93f-4c85-b227-76b94ef26d21","544c992d-bc3d-4cbc-a309-643bdbac6447","2023-05-19 09:50:20.107"
"d6b46b71-38f5-468a-94c8-8efd39a1d9a4","de80c22d-e0c0-4806-aee6-dc529c55ebeb","2023-05-19 11:55:40.219"
"454f4a51-bac6-4bdc-a1dd-cdaf855b5286","9f9b76c6-8f16-4e0c-a415-600daeb23bb5","2023-05-19 12:06:13.733"
"5d1cea11-9398-4f29-9a56-415c2133ca1b","82be8586-0f4b-4f27-a3f3-5e7f696b98b2","2023-05-19 12:10:20.034"
"608579bb-b56b-494a-91b2-4cf33ce0b798","e10325d8-976f-46ba-9496-4c4c8056ff4b","2023-05-19 12:13:09.473"
"29149dd4-6067-4933-91f7-6f8c4b1bf296","6afef2de-0dbc-45b5-98fe-297cef9c4278","2023-05-19 12:54:58.478"
"9523cde1-9443-4b02-8ec6-93db802e0cea","7181ba26-a4cc-4fca-92df-255e57b2b962","2023-05-19 13:23:24.319"
"34afbcb8-82b5-46dd-a180-bf7b0306eadc","c5628876-284a-4dfd-8ae4-4ebb41d0ba74","2023-05-21 21:05:20.452"
"9bc0c689-18fe-49fc-ad9b-c0d9ad1c3438","bec6f359-652f-43a4-9a98-e32561ece392","2023-05-22 01:09:04.3"
"02a8f964-74b6-4817-b038-0f443928bd7f","88fe8367-463b-4db8-8735-0bfebf15c4fd","2023-05-22 04:31:23.394"
"6d7373a9-4edd-43b0-b999-2dd00260b079","1821804f-f563-4d1f-b430-fc3c506e9b8f","2023-05-22 04:40:08.034"
"f682c946-03a7-48e1-9b22-b5ea55a5bceb","8bf8a0da-eeff-4f09-ba26-0a733ac6154c","2023-05-22 04:43:54.852"
"d2f18ab7-ed55-45e5-a290-990fee693cce","57bc7362-35d7-4758-bb2d-c3a30afcb0ed","2023-05-22 06:45:49.464"
"671243b1-e918-4327-b74a-82ef14611746","e823ed15-c0c6-4711-b0c4-c79850e6629d","2023-05-22 09:20:37.761"
"61ae83cd-8b37-42c7-9489-d32da03121dc","f0000659-f3e7-47c6-b1d2-ce55e09185be","2023-05-22 10:42:14.391"
"a8d0ead4-f18d-4aab-b5ba-7f1c1dbd771f","6fb07367-d872-4f85-b2ff-92810645a0d3","2023-05-22 13:08:55.354"
"19de0351-5b7c-439d-851c-c1870f645efd","3116fb66-5770-42f4-a6b3-9682d6092f0b","2023-05-22 16:16:54.889"
"55e72432-18c2-4a37-9699-8d212622fcc5","a084dc76-359e-4535-9a00-8b12924fc063","2023-05-23 06:40:12.915"
"8f662672-4890-4c75-bd8f-bcf33b75eae9","f3d2784e-27d7-4b09-88e3-887012449f45","2023-05-23 07:49:36.318"
"9ac5bef5-b7b1-410e-a064-fbe149422d0d","3150ea26-e2cc-4a75-a3be-823981e04eb6","2023-05-23 10:11:11.934"
"3fdea177-3c8a-4b08-954e-45c7fe16ee48","e6910601-6299-475d-980e-88bca4fbf79c","2023-05-23 11:47:20.171"
"ca86e34a-2e8b-47de-b28e-6e78a44de6d3","9df263e0-7f0a-495d-963a-a11a9034f21d","2023-05-23 12:44:22.225"
"8c9eb2eb-0ec4-44a6-8d52-c3d0a86b8d45","c5b13991-f56d-4c06-b35a-b354dc8edf37","2023-05-23 16:16:11.869"
"455c86e0-2dc5-4c36-a3c2-ebd65ceb958f","a840e3f2-5cca-4a0a-b0c4-9a522d8ab60d","2023-05-24 05:46:27.191"
"4b509665-59ed-4839-80d4-af329e712fdd","ecc176f7-1fa3-4e3d-83d2-ff8518bca2a1","2023-05-24 06:26:30.495"
"f54b690b-277b-4d31-a4b2-2ad3df1c2701","1e304d0d-46f1-4d6f-a25f-c63cce8dd11a","2023-05-24 07:04:38.605"
"ab2cd465-a9e4-40ee-ae94-3957bf9eac1c","2773db10-fe7d-4f35-9591-119335e8c82c","2023-05-24 12:44:40.613"
"80910dd6-e87a-44aa-ac26-d0b7c1cbf425","a3b53c79-90d3-40c7-8ff6-84db5015fc2c","2023-05-24 13:38:36.504"
"88e1821e-1d55-482c-b313-6fb8a0e4e6ac","28fe3dae-36ad-4b7c-a30e-c3965827a857","2023-05-24 14:46:49.387"
"8b310459-8b4e-4c86-900f-c0d15d5cc6b3","5f21731f-7d73-44d9-abba-b4277274598e","2023-05-24 15:03:59.273"
"b6b770fa-be22-4c18-8a11-d8a83377ca8a","d07ec585-e249-462e-93ed-b0114838de23","2023-05-24 15:19:04.281"
"c04aac0e-bce8-4b37-bfa1-b084416f8f15","60e94bab-cb45-48b7-ad6d-e9e95590ea8d","2023-05-24 15:55:24.784"
"6981bde3-aaf7-46d4-b0e3-a91a8e6cefed","2ead251e-4b5c-447b-ac94-f8b025708f51","2023-05-25 07:10:43.252"
"50b4b043-ea64-49d2-805f-3943fc3bca3b","4499fa89-e486-412c-b545-acac9263d526","2023-05-25 07:24:23.757"
"75ce9589-d025-4139-acff-d882636271c4","07dd746f-a21c-423c-bb0c-e8af5ae37995","2023-05-25 08:16:49.726"
"07c679b8-b8d8-4dd5-bc08-f0bd22e502a4","548decb1-2db6-43c1-9195-ee37afca9087","2023-05-25 08:22:19.119"
"ae27b9a8-2be1-4b2a-86ea-ba8dc5d39d75","02d60ee5-ab36-479d-bce2-4defa60d46a0","2023-05-25 12:40:31.537"
"451a5f10-5336-430e-9789-5377d82db425","4918abe1-2e66-43d0-b0ed-2632aac03518","2023-06-19 14:10:05.744"
"451a5f10-5336-430e-9789-5377d82db425","6ec4c61b-c7cb-49a5-b73b-90fec4783490","2023-06-26 07:54:57.195"
"451a5f10-5336-430e-9789-5377d82db425","a13f326f-1153-4422-93e5-e6ccede0a7fb","2023-07-04 06:43:59.473"
"94eed758-eed7-40d3-adad-fd27383a0050","19f8a521-7890-4a3f-8223-eaeadeb8e155","2023-07-19 19:30:22.479"
"451a5f10-5336-430e-9789-5377d82db425","8aaa13fe-48ec-4c04-89cc-6abc5a0edad4","2023-08-14 14:30:33.472"
"520e5806-3a73-44bd-a455-579d2ebef866","d6ba704f-3e6d-4fc7-8baf-4cf080458621","2023-08-17 13:32:10.405"
"451a5f10-5336-430e-9789-5377d82db425","ccda5275-ca9c-42f5-8e6f-01243357565d","2023-08-24 14:42:41.758"
